country,region_id,authority_id,auth_name_e,old_park_id,new_park_id,park_offical_id
England,E12000003,E08000032,Bradford,BRADF_f67bfdf9593a;BRADF_fdaea9e400d2,cc44d7ad8328,BRADF_0
England,E12000003,E08000032,Bradford,BRADF_a599783dc34d;BRADF_46dc410a8f23,663d1adfe525,BRADF_1
England,E12000003,E08000032,Bradford,BRADF_a73503ee54a8,ce54e0f0b994,BRADF_2
England,E12000003,E08000032,Bradford,BRADF_15941c0c9f4c,4499cdc4b429,BRADF_3
England,E12000003,E08000032,Bradford,BRADF_75bef8302f91,69f27038355c,BRADF_4
England,E12000003,E08000032,Bradford,BRADF_e9ab70dc54ec;BRADF_8d003e81cb6c,63e497463468,BRADF_5
England,E12000003,E08000032,Bradford,BRADF_93c7ec53fa3c;BRADF_bdd6be0ec955,538c8da1e1c3,BRADF_6
England,E12000003,E08000032,Bradford,BRADF_c3a9314f2615,8e53bbf2be08,BRADF_7
England,E12000003,E08000032,Bradford,BRADF_bb9bdd8ec2dd,f5fdde25dbea,BRADF_8
England,E12000003,E08000032,Bradford,BRADF_aef607d396f8,15b9ccfc2212,BRADF_9
England,E12000003,E08000032,Bradford,BRADF_6c53fbf724f5;BRADF_de689b763309;BRADF_cb905b1a7ce4,919005b76160,BRADF_10
England,E12000003,E08000032,Bradford,BRADF_d2cb9525fb1f;BRADF_f95abb4b1234,d13c81f958e1,BRADF_11
England,E12000003,E08000032,Bradford,BRADF_addb0c3c3898,2ad4aa6d1099,BRADF_12
England,E12000003,E08000032,Bradford,BRADF_fade0f993b2a,9b086f46e38c,BRADF_13
England,E12000003,E08000032,Bradford,BRADF_310e4181c26e,40bef1704b4b,BRADF_14
England,E12000003,E08000032,Bradford,BRADF_8e34e00b8c60,079c122b7d40,BRADF_15
England,E12000003,E08000032,Bradford,BRADF_51ac56aa7dda,693def3c00a9,BRADF_16
England,E12000003,E08000032,Bradford,BRADF_b6609c2ecc48,9009f238093b,BRADF_17
England,E12000003,E08000032,Bradford,BRADF_9cfffc55de44,1b5f4cb19818,BRADF_18
England,E12000003,E08000032,Bradford,BRADF_2e89d9be2fa7,0ba9f0723c5d,BRADF_19
England,E12000003,E08000032,Bradford,BRADF_159cfe282ad8;BRADF_af2411beb527,8f1e9049a12b,BRADF_20
England,E12000003,E08000032,Bradford,BRADF_04bcee556363,43e1f9670fa3,BRADF_21
England,E12000003,E08000032,Bradford,BRADF_a9fe7f6dfb07,ebc78d15a21f,BRADF_22
England,E12000003,E08000032,Bradford,BRADF_aad8ed877317;BRADF_c0ede6b9ca0e,c5ae6ee9b3f0,BRADF_23
England,E12000003,E08000032,Bradford,BRADF_b689b8c752fd,1f16f38bb4a4,BRADF_24
England,E12000003,E08000032,Bradford,BRADF_aa4572cdbf7e,25dcadbca883,BRADF_25
England,E12000003,E08000032,Bradford,BRADF_e1d231099b8b;BRADF_899dd34f9c69,5befab526324,BRADF_26
England,E12000003,E08000032,Bradford,BRADF_486d4e199c52,826e48d11e7b,BRADF_27
England,E12000003,E08000032,Bradford,BRADF_31292182092a;BRADF_1aa9b201e129,fb2052bb478f,BRADF_28
England,E12000003,E08000032,Bradford,BRADF_0aa7d2173854,4c44784dfce4,BRADF_29
England,E12000003,E08000032,Bradford,BRADF_a698eec33466;BRADF_6d4995351914,b96d93efb803,BRADF_30
England,E12000003,E08000032,Bradford,BRADF_ab4b34e1288b,269d7397255e,BRADF_31
England,E12000003,E08000032,Bradford,BRADF_cd4ee1f0052b,befe5af0a69f,BRADF_32
England,E12000003,E08000032,Bradford,BRADF_7d800163be2d,1142693b2853,BRADF_33
England,E12000003,E08000032,Bradford,BRADF_d09babb4c2e3,9416332c71dc,BRADF_34
England,E12000003,E08000032,Bradford,BRADF_de64ce99f352;BRADF_85c697677bf3,60e6be7eff12,BRADF_35
England,E12000003,E08000032,Bradford,BRADF_d1ecd7a9ede4,88eb6c06d2b9,BRADF_36
England,E12000003,E08000032,Bradford,BRADF_88dbecfa39ad,4a7000bb51df,BRADF_37
England,E12000003,E08000032,Bradford,BRADF_1d2cb337584d;BRADF_4a467b026520,c4c2f8454392,BRADF_38
England,E12000003,E08000032,Bradford,BRADF_05e444395869;BRADF_baeea09b3d3e;BRADF_76d59f6a6306,04ff748d6ba5,BRADF_39
England,E12000003,E08000032,Bradford,BRADF_135fe9f73b3e,789d29e76a08,BRADF_40
England,E12000003,E08000032,Bradford,BRADF_41e306e6676f;BRADF_c6d27577786f,4c5e3f6ff7ce,BRADF_41
England,E12000003,E08000032,Bradford,BRADF_4397db4aab20;BRADF_e30d16b92b41,bb1def9a0f0f,BRADF_42
England,E12000003,E08000032,Bradford,BRADF_fad77e27b2c4,7ed757798940,BRADF_43
England,E12000003,E08000032,Bradford,BRADF_84b62c1752a6;BRADF_1a5b0838057a,e0b77fa4cf79,BRADF_44
England,E12000003,E08000032,Bradford,BRADF_04df264fad80,09e8e6a00d95,BRADF_45
England,E12000003,E08000032,Bradford,BRADF_e541347b5225,332b09a40fa5,BRADF_46
England,E12000003,E08000032,Bradford,BRADF_e533d7686cf8;BRADF_02a4517f2856,45f02e9f9bcf,BRADF_47
England,E12000003,E08000032,Bradford,BRADF_997f53ede720,55b48fcbd587,BRADF_48
England,E12000003,E08000032,Bradford,BRADF_1659619ec614,1f986128ee0e,BRADF_49
England,E12000003,E08000032,Bradford,BRADF_a3295999b1c5,16b159e804ae,BRADF_50
England,E12000003,E08000032,Bradford,BRADF_eaa8ed44533d,f7978a8a26c2,BRADF_51
England,E12000003,E08000032,Bradford,BRADF_ac7f042b34ff;BRADF_716080b8beb1,35cd5be28bcf,BRADF_52
England,E12000003,E08000032,Bradford,BRADF_7069ff6b2482;BRADF_c55597584733,7c0f3fe8aca6,BRADF_53
England,E12000003,E08000032,Bradford,BRADF_49bb68dcb546;BRADF_826329bdf5f9,153dc9b57d0b,BRADF_54
England,E12000003,E08000032,Bradford,BRADF_9147e82676f1;BRADF_d4813f23fe14,6268105ff353,BRADF_55
England,E12000003,E08000032,Bradford,BRADF_2563d3e75206;BRADF_885c1eb8c1f0,16596cea1378,BRADF_56
England,E12000003,E08000032,Bradford,BRADF_603bfc9223c0,62977a65c81f,BRADF_57
England,E12000003,E08000032,Bradford,BRADF_836560ae2389,01b9c9eeb580,BRADF_58
England,E12000003,E08000032,Bradford,BRADF_99d810a82306,d6c2b5d9236f,BRADF_59
England,E12000003,E08000032,Bradford,BRADF_ac7ba6391b7b,52dbc09d7980,BRADF_60
England,E12000003,E08000032,Bradford,BRADF_b4d8549dccee,54b1393d8d34,BRADF_61
England,E12000003,E08000032,Bradford,BRADF_a51a3790a49e,cc182b4f857b,BRADF_62
England,E12000003,E08000032,Bradford,BRADF_742c75006c08,3bc65481b6bf,BRADF_63
England,E12000003,E08000032,Bradford,BRADF_9abfb898437b,e55b9b227e97,BRADF_64
England,E12000003,E08000032,Bradford,BRADF_a890023c53d9,6e69ce247f9a,BRADF_65
England,E12000003,E08000032,Bradford,BRADF_b66e97753c80;BRADF_d4179f57935e,85b951901f7c,BRADF_66
England,E12000003,E08000032,Bradford,BRADF_30b1ea37058b;BRADF_f7901e205fdf,20c70b1746f7,BRADF_67
England,E12000003,E08000032,Bradford,BRADF_a30c258f802a;BRADF_c662918d5387,86d5a90446a1,BRADF_68
England,E12000003,E08000032,Bradford,BRADF_b239c6773259;BRADF_980810118ba2,09a13e782fcc,BRADF_69
England,E12000003,E08000032,Bradford,BRADF_6c660deb1e6c;BRADF_3fc573a2e175,449c4bbf38d4,BRADF_70
England,E12000003,E08000032,Bradford,BRADF_24939b4cc30a;BRADF_d39040fc14e2,9ca965bbb5ed,BRADF_71
England,E12000003,E08000032,Bradford,BRADF_d892e75caa5e;BRADF_df4a5805fe4f,88c661145cb8,BRADF_72
England,E12000003,E08000032,Bradford,BRADF_e3f9ce9821d8,e6e9bbdafa0d,BRADF_73
England,E12000003,E08000032,Bradford,BRADF_25512bdacde1;BRADF_737507b592b6,cfbd54dc287e,BRADF_74
England,E12000003,E08000032,Bradford,BRADF_42d520a0f842;BRADF_3d840cdefdbb,aed6f1329c7a,BRADF_75
England,E12000003,E08000032,Bradford,BRADF_34e8d31304e4,4b50445406b1,BRADF_76
England,E12000003,E08000032,Bradford,BRADF_64c841717583;BRADF_b72be8f59a13,cd5341a18f26,BRADF_77
England,E12000003,E08000032,Bradford,BRADF_7b020f708ae0;BRADF_6b6c60c4e859,e0d0f652b62f,BRADF_78
England,E12000003,E08000032,Bradford,BRADF_aad4b8851fff,78c3984d06df,BRADF_79
England,E12000003,E08000032,Bradford,BRADF_4dcabd0c15d7;BRADF_19c6d5d7ff8e,0cba9234c4de,BRADF_80
England,E12000003,E08000032,Bradford,BRADF_baba98a4e35d;BRADF_8722d4409bf3,00cadd13622a,BRADF_81
England,E12000003,E08000032,Bradford,BRADF_dd901cd4ff06;BRADF_f06e4d0662b6,d09d7007a337,BRADF_82
England,E12000003,E08000032,Bradford,BRADF_472205ee0887;BRADF_0d6b6f341f04,6a68d75bc831,BRADF_83
England,E12000003,E08000032,Bradford,BRADF_1a582f561020;BRADF_e6fd021190f2,cbb8b47f74cc,BRADF_84
England,E12000003,E08000032,Bradford,BRADF_4820484985ec;BRADF_42b315b40b3d,dc012bff30e0,BRADF_85
England,E12000003,E08000032,Bradford,BRADF_3a6c445d6196,185cc8960f23,BRADF_86
England,E12000003,E08000032,Bradford,BRADF_40d2d3653962;BRADF_8ad122f963dd,5a1b135a86a7,BRADF_87
England,E12000003,E08000032,Bradford,BRADF_b9ca35ca9600;BRADF_1a5b3a4aa2dd,32d1eb2eac18,BRADF_88
England,E12000003,E08000032,Bradford,BRADF_3d94833e399e;BRADF_e66b586cb17e;BRADF_0c9ef629d74e,aa861b234d82,BRADF_89
England,E12000003,E08000032,Bradford,BRADF_cb0d00f51f78;BRADF_65673069f982;BRADF_46025b813e68;BRADF_1d0985506954,4ba09227b5ae,BRADF_90
England,E12000003,E08000032,Bradford,BRADF_c136be21bf3b;BRADF_0ac5e03a0d3c;BRADF_1b33ef449090,ef3d8577a287,BRADF_91
England,E12000003,E08000032,Bradford,BRADF_6eff7e89cccb;BRADF_d3654933cc89,fa4e4bc76503,BRADF_92
England,E12000003,E08000032,Bradford,BRADF_ee7bc257b584;BRADF_6387f0bb186e,5fabbbaee7dc,BRADF_93
England,E12000003,E08000032,Bradford,BRADF_200ac7d656d9;BRADF_ba44cff37e10,26860abb2583,BRADF_94
England,E12000003,E08000032,Bradford,BRADF_37c40e855b42;BRADF_bf121b83a08d,cd2950751cfc,BRADF_95
England,E12000003,E08000032,Bradford,BRADF_01ebb8ddb67f;BRADF_e584d56a6125;BRADF_6beb464aa5f2,cfdd42ca8cb4,BRADF_96
England,E12000003,E08000032,Bradford,BRADF_df25e8683eb2;BRADF_cd3d96fc6793,574f70a496fa,BRADF_97
England,E12000003,E08000032,Bradford,BRADF_77e328a06623;BRADF_774174922ac2,6d859482cae5,BRADF_98
England,E12000003,E08000032,Bradford,BRADF_f04ae9f2fb62;BRADF_4b6e670a6682,62f0dba5f19b,BRADF_99
England,E12000003,E08000032,Bradford,BRADF_a127f0b9c716;BRADF_6aaa1a8952e9,b9173c75f253,BRADF_100
England,E12000003,E08000032,Bradford,BRADF_652148347e04;BRADF_020d9e66a432;BRADF_6d277c39ff34;BRADF_73fa0fb37068;BRADF_80ae299917c9,b13dea123776,BRADF_101
England,E12000003,E08000032,Bradford,BRADF_94429635eb5e;BRADF_2da17cf7b22d;BRADF_b7b89a3bb728;BRADF_043df2408461;BRADF_e24b6c226fb4,f25aab030a6f,BRADF_102
England,E12000003,E08000032,Bradford,BRADF_8ab5f58dd1be;BRADF_aec52120f5c8,cba51e270f04,BRADF_103
England,E12000003,E08000032,Bradford,BRADF_e127a6199f61;BRADF_ae246458738b,e5f03c61b3c3,BRADF_104
England,E12000003,E08000032,Bradford,BRADF_1408ed72a3fd;BRADF_34facb04adf6;BRADF_a0d44944c2ec;BRADF_0ec1ef285664,0a47b9ea3030,BRADF_105
England,E12000003,E08000032,Bradford,BRADF_922c2dc4bcc4;BRADF_911d26c68284,4146019be25f,BRADF_106
England,E12000003,E08000032,Bradford,BRADF_6c06ba9fede4;BRADF_34c568a9cbe5,3b8eaf0e63c8,BRADF_107
England,E12000003,E08000032,Bradford,BRADF_788634370147;BRADF_cb1844c45943,9f893beff996,BRADF_108
England,E12000003,E08000032,Bradford,BRADF_371ff2bf7e20,254e0ddbfd95,BRADF_109
England,E12000003,E08000032,Bradford,BRADF_e9cc50cc9330;BRADF_ff3bf1f077ab,2318df65bad8,BRADF_110
England,E12000003,E08000032,Bradford,BRADF_c9e532c9bde5,b335efcb530c,BRADF_111
England,E12000003,E08000032,Bradford,BRADF_b3d6cd9aeabc;BRADF_123c72fe26c9,cc9deab49d88,BRADF_112
England,E12000003,E08000032,Bradford,BRADF_08b65e8f0f49;BRADF_104b36b13d26,7545f3aa398e,BRADF_113
England,E12000003,E08000032,Bradford,BRADF_90bfc12e1b67;BRADF_ce4d82c11a99,a2cc0934eb45,BRADF_114
England,E12000003,E08000032,Bradford,BRADF_716a4769fff5,3984bcb1a82c,BRADF_115
England,E12000003,E08000032,Bradford,BRADF_ade02c010d57,48b237b60f2a,BRADF_116
England,E12000003,E08000032,Bradford,BRADF_c843f579bb8a;BRADF_0a67cafd4299,3b56130dc20f,BRADF_117
England,E12000003,E08000032,Bradford,BRADF_d830eaff0dfc;BRADF_bcfb72c79071,f85c3e84a85e,BRADF_118
England,E12000003,E08000032,Bradford,BRADF_c2a19d7328ab,f957261e671e,BRADF_119
England,E12000003,E08000032,Bradford,BRADF_422e619d0769;BRADF_7030c7874eae,2abd8244ad6e,BRADF_120
England,E12000003,E08000032,Bradford,BRADF_d1e7b2e38581,41f952425124,BRADF_121
England,E12000003,E08000032,Bradford,BRADF_476bb3f9c8a5;BRADF_f62fe0db297d,8d62f0f74a9f,BRADF_122
England,E12000003,E08000032,Bradford,BRADF_c1e3329b9f9b;BRADF_2d655cf1762c,53bc39d9df44,BRADF_123
England,E12000003,E08000032,Bradford,BRADF_55e6bf48c32b;BRADF_55ac3c68a0da,e7e07d0965c5,BRADF_124
England,E12000003,E08000032,Bradford,BRADF_363f5d1f9b16,f1e7e5758844,BRADF_125
England,E12000003,E08000032,Bradford,BRADF_e633de6707cd;BRADF_c7334a33687d,698787391e4d,BRADF_126
England,E12000003,E08000032,Bradford,BRADF_75ec3f25ef7a,64f351a2f3f4,BRADF_127
England,E12000003,E08000032,Bradford,BRADF_13fddd4da6ad,7d96d7828fb2,BRADF_128
England,E12000003,E08000032,Bradford,BRADF_3a4eb85f5d8f,dac32fa809d5,BRADF_129
England,E12000003,E08000032,Bradford,BRADF_95769cb8b7d7;BRADF_fce90d7290af,ea6e859f672a,BRADF_130
England,E12000003,E08000032,Bradford,BRADF_9e82e1413e51,5261f77140b0,BRADF_131
England,E12000003,E08000032,Bradford,BRADF_1100e71c996f;BRADF_07dc31688a3b;BRADF_00d45f1a06b9,4b905cd58963,BRADF_132
England,E12000003,E08000032,Bradford,BRADF_e003d0bf27f1,39bfdb08ae85,BRADF_133
England,E12000003,E08000032,Bradford,BRADF_837bc42d9fcb,c2e528b55009,BRADF_134
England,E12000003,E08000032,Bradford,BRADF_226b7df8366a,cdf9e688f133,BRADF_135
England,E12000003,E08000032,Bradford,BRADF_3279a9b85d06;BRADF_5df497705f19,fad0571690a5,BRADF_136
England,E12000003,E08000032,Bradford,BRADF_9c8024a2a640,aca269d144f6,BRADF_137
England,E12000003,E08000032,Bradford,BRADF_6acde0687387,4584ae0159c6,BRADF_138
England,E12000003,E08000032,Bradford,BRADF_57a874eb4684,3c3fe8cffd53,BRADF_139
England,E12000003,E08000032,Bradford,BRADF_a244aef4dc7d,e5fcca6cbcd8,BRADF_140
England,E12000003,E08000032,Bradford,BRADF_29d0dfbb461b,7ebfab52fd19,BRADF_141
England,E12000003,E08000032,Bradford,BRADF_92a99bcff9a6,233fb38d66e9,BRADF_142
England,E12000003,E08000032,Bradford,BRADF_46f19ec5bbe5,408f9794507c,BRADF_143
England,E12000003,E08000032,Bradford,BRADF_5dfbb42090ca,0b4a78be388e,BRADF_144
England,E12000003,E08000032,Bradford,BRADF_2c2402302c12,9079b0c179c4,BRADF_145
England,E12000003,E08000032,Bradford,BRADF_1e668737ef3e,a6df0cafda60,BRADF_146
England,E12000003,E08000032,Bradford,BRADF_35aa83c64a47,9612e94ca3d4,BRADF_147
England,E12000003,E08000032,Bradford,BRADF_4ca30c868e4b,4b7feecd6f67,BRADF_148
England,E12000003,E08000032,Bradford,BRADF_2964e460327a,443823de6b8c,BRADF_149
England,E12000003,E08000032,Bradford,BRADF_55fa1c42946f,d3cd8086cca2,BRADF_150
England,E12000003,E08000032,Bradford,BRADF_1dead996be45,397c4122111e,BRADF_151
England,E12000003,E08000032,Bradford,BRADF_7bf33a4cc84b,5fc49dcde598,BRADF_152
England,E12000003,E08000032,Bradford,BRADF_a9e825f0e569,117c3efb822d,BRADF_153
England,E12000003,E08000032,Bradford,BRADF_ae9c13a47e1c,33a3fddae4ff,BRADF_154
England,E12000003,E08000032,Bradford,BRADF_23e88042b460,61b3c67a6948,BRADF_155
England,E12000003,E08000032,Bradford,BRADF_dee9720c37d3,3e3107e70eee,BRADF_156
England,E12000003,E08000032,Bradford,BRADF_f395426a8460,7ffcffb6174e,BRADF_157
England,E12000003,E08000032,Bradford,BRADF_8845ceeafc81,49ab56a67a33,BRADF_158
England,E12000003,E08000032,Bradford,BRADF_c63eba8263c3,ba8a98b53eaa,BRADF_159
England,E12000003,E08000032,Bradford,BRADF_662ee5552627,107ef24283e6,BRADF_160
England,E12000003,E08000032,Bradford,BRADF_397cdc38dc5d,9f68925b1508,BRADF_161
England,E12000003,E08000032,Bradford,BRADF_a3e8247cd42c,10fc9c569007,BRADF_162
England,E12000003,E08000032,Bradford,BRADF_ce8531642b3b,9cad6f243edf,BRADF_163
England,E12000003,E08000032,Bradford,BRADF_2d34613f433f,5ecd729deea4,BRADF_164
England,E12000003,E08000032,Bradford,BRADF_bbdf76184ea1,08b6de1e1d44,BRADF_165
England,E12000003,E08000032,Bradford,BRADF_596bc3f76519,5338e2c8c1b0,BRADF_166
England,E12000003,E08000032,Bradford,BRADF_1c8c79aa92ef,c78105a7519b,BRADF_167
England,E12000003,E08000032,Bradford,BRADF_45e20dd2f0f1,7e772c64be9a,BRADF_168
England,E12000003,E08000032,Bradford,BRADF_78db5451728f,a8f700116e86,BRADF_169
England,E12000003,E08000032,Bradford,BRADF_a704fd1f1f32,a9f58bc16ce9,BRADF_170
England,E12000003,E08000032,Bradford,BRADF_f22185854b52,f4e86396afc2,BRADF_171
England,E12000003,E08000032,Bradford,BRADF_32ec44b29ac9,5387c22386a2,BRADF_172
England,E12000003,E08000032,Bradford,BRADF_e5e7e5c59ecb,0c8d27ba1511,BRADF_173
England,E12000003,E08000032,Bradford,BRADF_7b6faa5a40df,0da103dbe683,BRADF_174
England,E12000003,E08000032,Bradford,BRADF_72035656414a,c6db37488a60,BRADF_175
England,E12000003,E08000032,Bradford,BRADF_a1c47a6e43f6,5cdd2d2ca72a,BRADF_176
England,E12000003,E08000032,Bradford,BRADF_51d6a2e33c20,bf51d54633ff,BRADF_177
England,E12000003,E08000032,Bradford,BRADF_321394bb610f,be17e8cbda59,BRADF_178
England,E12000003,E08000032,Bradford,BRADF_a814c5502d96,03a1e0088e49,BRADF_179
England,E12000003,E08000032,Bradford,BRADF_695b0e8565c2,9b906b03e8f6,BRADF_180
England,E12000003,E08000032,Bradford,BRADF_b79267f188c8,900780b01bbe,BRADF_181
England,E12000003,E08000032,Bradford,BRADF_a927239c073c,a56b8c227e14,BRADF_182
England,E12000003,E08000032,Bradford,BRADF_d5d80635b847,5b1bb0361620,BRADF_183
England,E12000003,E08000032,Bradford,BRADF_0bed605f3efa,71b9fc8a725b,BRADF_184
England,E12000003,E08000032,Bradford,BRADF_7f1a5c1d9896,7e30dfe25929,BRADF_185
England,E12000003,E08000032,Bradford,BRADF_7e57b51e6ede,7de598e6f592,BRADF_186
England,E12000003,E08000032,Bradford,BRADF_a1ace280af36,ef935f1abce9,BRADF_187
England,E12000003,E08000032,Bradford,BRADF_5ec35c6a2431,4fcd1f77ef75,BRADF_188
England,E12000003,E08000032,Bradford,BRADF_433bb6a4b7ad,85ec5f14f7a7,BRADF_189
England,E12000003,E08000032,Bradford,BRADF_2a6ad34ccd12,2334db3c4da9,BRADF_190
England,E12000003,E08000032,Bradford,BRADF_0ba7e143fb9c,7f41ced73978,BRADF_191
England,E12000003,E08000032,Bradford,BRADF_5d89731817be,01a60bf43ca7,BRADF_192
England,E12000003,E08000032,Bradford,BRADF_ab647b5fc348,3b855008560a,BRADF_193
England,E12000003,E08000032,Bradford,BRADF_d2e2884502af,8004f169adf5,BRADF_194
England,E12000003,E08000032,Bradford,BRADF_df8161bf7433,be07dbeb41f7,BRADF_195
England,E12000003,E08000032,Bradford,BRADF_a372300c2c72,7fd8073cb51b,BRADF_196
England,E12000003,E08000032,Bradford,BRADF_c32f62e3e8fa,0d57477d59df,BRADF_197
England,E12000003,E08000032,Bradford,BRADF_c70ef2d4a3d1,d406b336af61,BRADF_198
England,E12000003,E08000032,Bradford,BRADF_a51ee9c61a59,b1db35461b62,BRADF_199
England,E12000003,E08000032,Bradford,BRADF_efabdc248af8,ff6fd2b41905,BRADF_200
England,E12000003,E08000032,Bradford,BRADF_25e28c5b1ff0,fd370c86bba1,BRADF_201
England,E12000003,E08000032,Bradford,BRADF_5079f10bbd53,4d288c99b3e6,BRADF_202
England,E12000003,E08000032,Bradford,BRADF_d3c839359c55,2422be633352,BRADF_203
England,E12000003,E08000032,Bradford,BRADF_0dd0132d2e53,163127c4c941,BRADF_204
England,E12000003,E08000032,Bradford,BRADF_9e62c76a5b13,86e86481582b,BRADF_205
England,E12000003,E08000032,Bradford,BRADF_e0a687f460d7,450b637e2159,BRADF_206
England,E12000003,E08000032,Bradford,BRADF_be9724cba847,ad6d876ee60b,BRADF_207
England,E12000003,E08000032,Bradford,BRADF_0a1b44ca5206,37c97fd98c11,BRADF_208
England,E12000003,E08000032,Bradford,BRADF_7092de392b64,bf13ba2e3082,BRADF_209
England,E12000003,E08000032,Bradford,BRADF_44e09988823b,4d6fed83bdfc,BRADF_210
England,E12000003,E08000032,Bradford,BRADF_ec555508faee,d5b543e5d594,BRADF_211
England,E12000003,E08000032,Bradford,BRADF_10b33521e4e6,160d74b97cd2,BRADF_212
England,E12000003,E08000032,Bradford,BRADF_db22a5208690,c98ab117d16d,BRADF_213
England,E12000003,E08000032,Bradford,BRADF_fbadaf5dcf0d,67f04196fa29,BRADF_214
England,E12000003,E08000032,Bradford,BRADF_ed0fa08dcf2c,bb92d046f565,BRADF_215
England,E12000003,E08000032,Bradford,BRADF_03e3fa26b346,a81ae690d997,BRADF_216
England,E12000003,E08000032,Bradford,BRADF_f19f061af3d1,46bdec921831,BRADF_217
England,E12000003,E08000032,Bradford,BRADF_6ce902c40d7f,fd166d494a0e,BRADF_218
England,E12000003,E08000032,Bradford,BRADF_18c129373cc7,c42606356f1e,BRADF_219
England,E12000003,E08000032,Bradford,BRADF_7097b3c9a855,87a5ccb724a6,BRADF_220
England,E12000003,E08000032,Bradford,BRADF_d4be22d6a978,012367330e44,BRADF_221
England,E12000003,E08000032,Bradford,BRADF_8af092c1b3fa,baf020567e83,BRADF_222
England,E12000003,E08000032,Bradford,BRADF_41563cea1f43,7654d9b44cf5,BRADF_223
England,E12000003,E08000032,Bradford,BRADF_9c89a5a1a058,695a2d95f153,BRADF_224
England,E12000003,E08000032,Bradford,BRADF_c7b0cd55cd36,1a6dec1931af,BRADF_225
England,E12000003,E08000032,Bradford,BRADF_fb343dae5697,ecc3950ecc6a,BRADF_226
England,E12000003,E08000032,Bradford,BRADF_56d147f656f5,9d8b2df76b0e,BRADF_227
England,E12000003,E08000032,Bradford,BRADF_e8013af83072,d45ff930f642,BRADF_228
England,E12000003,E08000032,Bradford,BRADF_2e8dfdf5712f,851641d54d3f,BRADF_229
England,E12000003,E08000032,Bradford,BRADF_70b0865a7d13,49ff741e9585,BRADF_230
England,E12000003,E08000032,Bradford,BRADF_1d6775c40ed5,b929f0458b25,BRADF_231
England,E12000003,E08000032,Bradford,BRADF_b254761e1bc8,343a42770960,BRADF_232
England,E12000003,E08000032,Bradford,BRADF_d6b9c85a4b12,5ed5f879e5b6,BRADF_233
England,E12000003,E08000032,Bradford,BRADF_aca3f6173f80,d0f6cbbf213d,BRADF_234
England,E12000003,E08000032,Bradford,BRADF_8d92c461acbb,4c7bfbcce349,BRADF_235
England,E12000003,E08000032,Bradford,BRADF_58325a6c7628,680207ae83cf,BRADF_236
England,E12000003,E08000032,Bradford,BRADF_60c99d549894,673478f8561a,BRADF_237
England,E12000003,E08000032,Bradford,BRADF_43de8d7e3f39,f748e0572a72,BRADF_238
England,E12000003,E08000032,Bradford,BRADF_132bf5c2951e,bb793e223bdc,BRADF_239
England,E12000003,E08000032,Bradford,BRADF_530248b8363b,e0fa6a6095c9,BRADF_240
England,E12000003,E08000032,Bradford,BRADF_7c3c24ad334c,907a090ecb22,BRADF_241
England,E12000003,E08000032,Bradford,BRADF_77e552a9c0e0,b35c22ca8661,BRADF_242
England,E12000003,E08000032,Bradford,BRADF_bf96499bd677,853c05712995,BRADF_243
England,E12000003,E08000032,Bradford,BRADF_a55b3da7a875,0b565ad4d48a,BRADF_244
England,E12000003,E08000032,Bradford,BRADF_f92a526afcd0,0cba5a372b21,BRADF_245
England,E12000003,E08000032,Bradford,BRADF_a1fa96d2ce8c,575b2bdce48d,BRADF_246
England,E12000003,E08000032,Bradford,BRADF_70808150c144,b581bc237dc6,BRADF_247
England,E12000003,E08000032,Bradford,BRADF_c971ae52bed1,53aecfdf30bd,BRADF_248
England,E12000003,E08000032,Bradford,BRADF_069b64a750c6,2043fe9e5d5d,BRADF_249
England,E12000003,E08000032,Bradford,BRADF_892759c19b9b,b7a4b64e6c07,BRADF_250
England,E12000003,E08000032,Bradford,BRADF_b3034e932f28,f217b6cb3dac,BRADF_251
England,E12000003,E08000032,Bradford,BRADF_c224e7727bc0,a47bc29cece6,BRADF_252
England,E12000003,E08000032,Bradford,BRADF_38e57f62aa1e,dba57c1b2d56,BRADF_253
England,E12000003,E08000032,Bradford,BRADF_e5d8b74a1749,f88c6bfedcf5,BRADF_254
England,E12000003,E08000032,Bradford,BRADF_05c05e6aa465,8142d1e5d198,BRADF_255
England,E12000003,E08000032,Bradford,BRADF_6a14d9158a33,592f1f6547e3,BRADF_256
England,E12000003,E08000032,Bradford,BRADF_68bf7e821602,a0b1e4d504ae,BRADF_257
England,E12000003,E08000032,Bradford,BRADF_796ebf600604,c36566c67cd4,BRADF_258
England,E12000003,E08000032,Bradford,BRADF_283f52092157,1deb50723310,BRADF_259
England,E12000003,E08000032,Bradford,BRADF_489013cfa886,083808c96256,BRADF_260
England,E12000003,E08000032,Bradford,BRADF_f213856e8f6a,398ce8f2d8b3,BRADF_261
England,E12000003,E08000032,Bradford,BRADF_5e0bf8f8cc4b,e83506d317cc,BRADF_262
England,E12000003,E08000032,Bradford,BRADF_18def694d5f5,c77d081bde86,BRADF_263
England,E12000003,E08000032,Bradford,BRADF_160775acfb78,cf66a009229a,BRADF_264
England,E12000003,E08000032,Bradford,BRADF_034d78ee15f6,bb320cf89187,BRADF_265
England,E12000003,E08000032,Bradford,BRADF_d734c6cd1f9a,91ba8297e0da,BRADF_266
England,E12000003,E08000032,Bradford,BRADF_b8487b8b7c23,a8a4701eb0a6,BRADF_267
England,E12000003,E08000032,Bradford,BRADF_7ea868d71008,7eeaa64b0f27,BRADF_268
England,E12000003,E08000032,Bradford,BRADF_e4615d5046c8,77075c7443f8,BRADF_269
England,E12000003,E08000032,Bradford,BRADF_9d3d4bdc0f28,41cbe43209c1,BRADF_270
England,E12000003,E08000032,Bradford,BRADF_62a1ea43adb6,b58de92ad914,BRADF_271
England,E12000003,E08000032,Bradford,BRADF_93ec1ad94651,8d2590067567,BRADF_272
England,E12000003,E08000032,Bradford,BRADF_fa33397cf310,dd66686669db,BRADF_273
England,E12000003,E08000032,Bradford,BRADF_57748a01232e,060730c889f9,BRADF_274
England,E12000003,E08000032,Bradford,BRADF_dc7fc2173c21,6a2649b4e81c,BRADF_275
England,E12000003,E08000032,Bradford,BRADF_f4d00ceb7c20,b8de4eff8216,BRADF_276
England,E12000003,E08000032,Bradford,BRADF_c93608c4bff1,0e970498882a,BRADF_277
England,E12000003,E08000032,Bradford,BRADF_0bdd49130b18,5d60138bff9d,BRADF_278
England,E12000003,E08000032,Bradford,BRADF_85d5c015f751,f608920f68cb,BRADF_279
England,E12000003,E08000032,Bradford,BRADF_1dbc0f806cdd,d0e04298d07a,BRADF_280
England,E12000003,E08000032,Bradford,BRADF_4231da88ca6a,ae731f7d039d,BRADF_281
England,E12000003,E08000032,Bradford,BRADF_e4b614d8193a,e897ceca422a,BRADF_282
England,E12000003,E08000032,Bradford,BRADF_7735debeb554,f36f3a33f257,BRADF_283
England,E12000003,E08000032,Bradford,BRADF_05df3d654c44,c783256d53fa,BRADF_284
England,E12000003,E08000032,Bradford,BRADF_5a6e40fe73be,138449a8f505,BRADF_285
England,E12000003,E08000032,Bradford,BRADF_31d1c51eebc1,b63d08ae4ca5,BRADF_286
England,E12000003,E08000032,Bradford,BRADF_7bab8f62e980,b8c79358ee17,BRADF_287
England,E12000003,E08000032,Bradford,BRADF_7957b8d8ddcc,7c968676cc4f,BRADF_288
England,E12000003,E08000032,Bradford,BRADF_ab388b1fec7d,93688226f7dd,BRADF_289
England,E12000003,E08000032,Bradford,BRADF_a2d3aa3e6eff,91b65c4d1abb,BRADF_290
England,E12000003,E08000032,Bradford,BRADF_3f8755152d20,71b4490ba424,BRADF_291
England,E12000003,E08000032,Bradford,BRADF_13e977d90293,889e0ed3027e,BRADF_292
England,E12000003,E08000032,Bradford,BRADF_0ebf0e2f8f97,0dde7107339f,BRADF_293
England,E12000003,E08000032,Bradford,BRADF_d6d75b4a7594,8bc1a5b53bf8,BRADF_294
England,E12000003,E08000032,Bradford,BRADF_cf68ea240524,4831cbfb0c0c,BRADF_295
England,E12000003,E08000032,Bradford,BRADF_0ad5827dee31,efabfb477e29,BRADF_296
England,E12000003,E08000032,Bradford,BRADF_ec67e017a26b,8c6f9b44b095,BRADF_297
England,E12000003,E08000032,Bradford,BRADF_6abe3329816f,cdc89bb28bf4,BRADF_298
England,E12000003,E08000032,Bradford,BRADF_328a410850dc,f51970fa9424,BRADF_299
England,E12000003,E08000032,Bradford,BRADF_8aef40af116d,19d1863f70e4,BRADF_300
England,E12000003,E08000032,Bradford,BRADF_aae2d7486dc0,ee951543cf45,BRADF_301
England,E12000003,E08000032,Bradford,BRADF_fc247bb3eeff,037b1795b95a,BRADF_302
England,E12000003,E08000032,Bradford,BRADF_6942ea720113,cef2f53f52bb,BRADF_303
England,E12000003,E08000032,Bradford,BRADF_0285dcfaec06,c47bfe7842cb,BRADF_304
England,E12000003,E08000032,Bradford,BRADF_757d95caf003,94d33d0ea72d,BRADF_305
England,E12000003,E08000032,Bradford,BRADF_f026594a3c17,f549df018a46,BRADF_306
England,E12000003,E08000032,Bradford,BRADF_cc51c67659bf,4be97d2b3006,BRADF_307
England,E12000003,E08000032,Bradford,BRADF_8fe768f45c6a,b1cc1b4812bf,BRADF_308
England,E12000003,E08000032,Bradford,BRADF_0628424d0442,6ec7694db63e,BRADF_309
England,E12000003,E08000032,Bradford,BRADF_940bbda30e5e,e32d656cacf6,BRADF_310
England,E12000003,E08000032,Bradford,BRADF_2daa3d4bc32e,52bb0c69b8d8,BRADF_311
England,E12000003,E08000032,Bradford,BRADF_98a3ae0c9df1,9efff3c28c8d,BRADF_312
England,E12000003,E08000032,Bradford,BRADF_72ca179034e3,e3a7d283ec50,BRADF_313
England,E12000003,E08000032,Bradford,BRADF_21ea3f8ce16e,a024aae5b474,BRADF_314
England,E12000003,E08000032,Bradford,BRADF_29a1265f8dc1,b82c9b533a2e,BRADF_315
England,E12000003,E08000032,Bradford,BRADF_4489d51e1009,282d9bf34ff4,BRADF_316
England,E12000003,E08000032,Bradford,BRADF_a5b85326d476,8edc2f048cd9,BRADF_317
England,E12000003,E08000032,Bradford,BRADF_871558c99c23,75ea836bed2c,BRADF_318
England,E12000003,E08000032,Bradford,BRADF_97c430241e8e,b5bb255f007e,BRADF_319
England,E12000003,E08000032,Bradford,BRADF_5ea3ad93fe6b,1cf525600a4b,BRADF_320
England,E12000003,E08000032,Bradford,BRADF_015f5f2e1c25,7978c4967fdf,BRADF_321
England,E12000003,E08000032,Bradford,BRADF_999f9305f6e6,5a3b5f293ea4,BRADF_322
England,E12000003,E08000032,Bradford,BRADF_f31381dfc6ff,7f3a041fef44,BRADF_323
England,E12000003,E08000032,Bradford,BRADF_709235101630,b9a0e7dbe910,BRADF_324
England,E12000003,E08000032,Bradford,BRADF_29ca60d601f2,3e160f79752a,BRADF_325
England,E12000003,E08000032,Bradford,BRADF_3f2fd6d100e3,c270aa80f1bb,BRADF_326
England,E12000003,E08000032,Bradford,BRADF_f22cb248d3eb,e033d56ad10f,BRADF_327
England,E12000003,E08000032,Bradford,BRADF_4aeb1a3311a5,ee59e64bf98e,BRADF_328
England,E12000003,E08000032,Bradford,BRADF_c92b737a2a46,1c36ca11c8c3,BRADF_329
England,E12000003,E08000032,Bradford,BRADF_171cadd56720,8c5589133c35,BRADF_330
England,E12000003,E08000032,Bradford,BRADF_210900504ce2,cadafc228729,BRADF_331
England,E12000003,E08000032,Bradford,BRADF_a10db786b8bc,f1f92f281f93,BRADF_332
England,E12000003,E08000032,Bradford,BRADF_6a62ef2180bf,538e2f6ff48c,BRADF_333
England,E12000003,E08000032,Bradford,BRADF_e809d96c8891,0045d821b850,BRADF_334
England,E12000003,E08000032,Bradford,BRADF_7948ee921798,09f2f1c2380f,BRADF_335
England,E12000003,E08000032,Bradford,BRADF_2cffcf90f801,b94e08f15dc0,BRADF_336
England,E12000003,E08000032,Bradford,BRADF_3cd8a9a24dba,289ecd201bae,BRADF_337
England,E12000003,E08000032,Bradford,BRADF_916df4842ac6,f0aed592749f,BRADF_338
England,E12000003,E08000032,Bradford,BRADF_f0d2a8526856,373fe5ea2874,BRADF_339
England,E12000003,E08000032,Bradford,BRADF_e0bf591a6cd1,2cc61c222792,BRADF_340
England,E12000003,E08000032,Bradford,BRADF_8533816cb0b8,e3d97b42320f,BRADF_341
England,E12000003,E08000032,Bradford,BRADF_95ae2ff2b902,03974071185b,BRADF_342
England,E12000003,E08000032,Bradford,BRADF_275e3ce3fa40,62ddb90caf12,BRADF_343
England,E12000003,E08000032,Bradford,BRADF_006421017ad0,0e3ad3a09da6,BRADF_344
England,E12000003,E08000032,Bradford,BRADF_b78753e01aef,6e626e2ca596,BRADF_345
England,E12000003,E08000032,Bradford,BRADF_23a728e07017,960a70fcd83e,BRADF_346
England,E12000003,E08000032,Bradford,BRADF_158630b4e235,12765358555b,BRADF_347
England,E12000003,E08000032,Bradford,BRADF_d667c5ca9e40,6ce938522543,BRADF_348
England,E12000003,E08000032,Bradford,BRADF_e1f9a30851ae,afceccb67eda,BRADF_349
England,E12000003,E08000032,Bradford,BRADF_7adaa20c01b7,359a5ec67acf,BRADF_350
England,E12000003,E08000032,Bradford,BRADF_711094b0d5e1,3118293ff491,BRADF_351
England,E12000003,E08000032,Bradford,BRADF_3852be41a4de,33e18fc31780,BRADF_352
England,E12000003,E08000032,Bradford,BRADF_2ff59cc87719,feae0ca54f71,BRADF_353
England,E12000003,E08000032,Bradford,BRADF_bedbf4047149,74017a67089d,BRADF_354
England,E12000003,E08000032,Bradford,BRADF_643e05cf6d1c,20b31849abc9,BRADF_355
England,E12000003,E08000032,Bradford,BRADF_94a44d6d54c6,187a73277028,BRADF_356
England,E12000003,E08000032,Bradford,BRADF_863fd1db2011,dc7b3ff1ebfb,BRADF_357
England,E12000003,E08000032,Bradford,BRADF_b5a950f900ab,0cb857f8a79c,BRADF_358
England,E12000003,E08000032,Bradford,BRADF_48ed7de3578f,32d56077122b,BRADF_359
England,E12000003,E08000032,Bradford,BRADF_70648215b516,9d8817cdc6d9,BRADF_360
England,E12000003,E08000032,Bradford,BRADF_e38c1806bd49,efd987d1d31d,BRADF_361
England,E12000003,E08000032,Bradford,BRADF_27ffff03a8fe,452e3b6f5005,BRADF_362
England,E12000003,E08000032,Bradford,BRADF_50608254bd1d,a67602ad659c,BRADF_363
England,E12000003,E08000032,Bradford,BRADF_0fd97b710bbe,89a2791187ef,BRADF_364
England,E12000003,E08000032,Bradford,BRADF_4c4d9e8e4712,0ee945eacc32,BRADF_365
England,E12000003,E08000032,Bradford,BRADF_cff68e94aa2e,c0a6e9bc10d2,BRADF_366
England,E12000003,E08000032,Bradford,BRADF_3583afc30619,d17bf6336ede,BRADF_367
England,E12000003,E08000032,Bradford,BRADF_3e9f038489ab,ef8e4b2fc5c7,BRADF_368
England,E12000003,E08000032,Bradford,BRADF_bea4c981884e,832b283e5392,BRADF_369
England,E12000003,E08000032,Bradford,BRADF_307adf331768,74e083ac96b3,BRADF_370
England,E12000003,E08000032,Bradford,BRADF_85e485cd7acd,a44e13f59e28,BRADF_371
England,E12000003,E08000032,Bradford,BRADF_ddab07a2da68,e158a5a936db,BRADF_372
England,E12000003,E08000032,Bradford,BRADF_084167fe34af,9d88d8c79032,BRADF_373
England,E12000003,E08000032,Bradford,BRADF_cc555ccfebd4,fd40373f7007,BRADF_374
England,E12000003,E08000032,Bradford,BRADF_93c18fda0d4f,7286dff352cf,BRADF_375
England,E12000003,E08000032,Bradford,BRADF_306a3ca8e069,6962c74d3b3a,BRADF_376
England,E12000003,E08000032,Bradford,BRADF_eac332290258,5e98c8224e5d,BRADF_377
England,E12000003,E08000032,Bradford,BRADF_34f57d75fd44,64e8ad71d5f1,BRADF_378
England,E12000003,E08000032,Bradford,BRADF_ecc4d6eb4402,4078d27cce65,BRADF_379
England,E12000003,E08000032,Bradford,BRADF_7686d505f4d0,8201f85408ee,BRADF_380
England,E12000003,E08000032,Bradford,BRADF_8ec52594a34c,9c310fb84dde,BRADF_381
England,E12000003,E08000032,Bradford,BRADF_711d8d3c6b18,82c457fc8b31,BRADF_382
England,E12000003,E08000032,Bradford,BRADF_5a04d8dd197d,9228c2358a56,BRADF_383
England,E12000003,E08000032,Bradford,BRADF_28cf9453f7a8,4f77d7596799,BRADF_384
England,E12000003,E08000032,Bradford,BRADF_5557ed2ad0f4,47980d94729e,BRADF_385
England,E12000003,E08000032,Bradford,BRADF_5b2bb7aaf3eb,28b81d6fa406,BRADF_386
England,E12000003,E08000032,Bradford,BRADF_3a397403fcea,c79ee898d130,BRADF_387
England,E12000003,E08000032,Bradford,BRADF_7480fe5a11b0,0915c680bb99,BRADF_388
